<?xml version="1.0" encoding="UTF-8"?>
<!DOCTYPE log4j:configuration SYSTEM "log4j.dtd">

<log4j:configuration xmlns:log4j='http://jakarta.apache.org/log4j/'>
    
    <!-- ================================================================= -->
    <!--                    将日志输出到文件（Opetator.log）                   -->
    <!-- ================================================================= -->
    <appender name="Opetator" class="org.apache.log4j.FileAppender">
        <param name="File" value="Resource/Operator.log" />
        <param name="Append" value="false" />
        <layout class="org.apache.log4j.PatternLayout">
            <param name="ConversionPattern" value="[%d{MMdd HH:mm:ss SSS\} %-5p] [%t] %c{3\} - %m%n" />
        </layout>
    </appender>

    <!-- ================================================================= -->
    <!--                       将日志输出到控制台                              -->
    <!-- ================================================================= -->
    <appender name="Console" class="org.apache.log4j.ConsoleAppender">
        <layout class="org.apache.log4j.SimpleLayout">
        </layout>
    </appender>

    <!--继承根属性输出到控制台-->
    <logger name="cn.edu.xidian.cm.operate" additivity="true"> 
        <level value ="info"/>
        <appender-ref ref="Opetator" />
    </logger>

    <root>
        <level value="debug" /> <!--默认日志级别-->
        <appender-ref ref="Console" />
    </root>
</log4j:configuration>
