<?xml version="1.0" encoding="UTF-8"?>

<ColorfulMusic url="http://www.github.com/ZMichealChow/ColorfulMusic">
  <DatabaseInfo>
    <DBDriver>com.mysql.jdbc.Driver</DBDriver>
    <DBUrl>jdbc:mysql://localhost:3306/colorful_music</DBUrl>
    <DBTable>train_music</DBTable>
    <DBUserName>root</DBUserName>
    <DBPassword>root</DBPassword>
  </DatabaseInfo>
  <FileStartPath>
    <MusicFileChooserStartPath>F:\Test</MusicFileChooserStartPath>
    <DefaultFileChooserStartPath>C:\Users\Administrator\Desktop</DefaultFileChooserStartPath>
  </FileStartPath>
</ColorfulMusic>
